bank_id,register_id,confidence
209,209,0.65998274
295,295,0.66414094
178,181,0.674286
166,167,0.674286
271,271,0.7017293
21,20,0.7208925
128,128,0.72940516
25,24,0.72940516
285,283,0.72940516
301,301,0.72940516
73,73,0.7364837
200,197,0.73784137
97,97,0.73784137
96,93,0.73784137
116,116,0.7378415
122,121,0.7378415
304,302,0.7378415
133,133,0.7557128
14,16,0.89353913
238,238,0.89353913
